ind_id,species,group,size-class,remarks,coordinates,file,time-in,time-out
20250127_positive-control_0_1,Thalassoma cupido,no,10-20,,"1743, 1216,    2104, 1425",./data/videos/20250127/positive-control/GX030262.MP4,118201.4167,125041.5833
20250127_positive-control_0_2,Pomacentrus albicaudatus,no,0-10,,"363 , 1035,     594, 1175",./data/videos/20250127/positive-control/GX030262.MP4,118685.2333,135652.1833
20250127_positive-control_0_3,Chaetodon baronessa,no,0-10,,"813 , 1006,     905, 1077",./data/videos/20250127/positive-control/GX030262.MP4,119969.85,181214.3667
20250127_positive-control_0_4,Chaetodon baronessa,no,0-10,,"2195,  794,    2414, 977",./data/videos/20250127/positive-control/GX030262.MP4,173723.55,182966.1167
20250127_positive-control_0_5,Labrus merula,no,20-30,,"1786,  270,    2412, 691",./data/videos/20250127/positive-control/GX030262.MP4,197480.6167,204888.0167
20250127_positive-control_0_6,Bodianus mesothorax,no,10-20,,"1766, 1129,    2357, 1416",./data/videos/20250127/positive-control/GX030262.MP4,213379.8333,216482.9333
20250127_positive-control_1_7,Acanthurus nigrofuscus,no,10-20,,"103 ,  505,     348, 725",./data/videos/20250127/positive-control/GX030262.MP4,285668.7167,289789.5
20250127_positive-control_1_8,Acanthurus albipectoralis,no,10-20,,"28  ,  749,     298, 871",./data/videos/20250127/positive-control/GX030262.MP4,289656.0333,302035.0667
20250127_positive-control_1_9,Gomphosus caeruleus,no,10-20,,"1762,  452,    2263, 757",./data/videos/20250127/positive-control/GX030262.MP4,290556.9333,292608.9833
20250127_positive-control_1_10,Naso elegans,no,10-20,,"1781,  550,    1991, 677",./data/videos/20250127/positive-control/GX030262.MP4,303019.3833,307240.2667
20250127_positive-control_1_11,Scarus longipinnis,yes,10-20,,"1162,   90,    1693, 694",./data/videos/20250127/positive-control/GX030262.MP4,341024.0167,342492.15
20250127_positive-control_1_12,Chlorurus sordidus,yes,10-20,,"1259,  803,    1715, 1152",./data/videos/20250127/positive-control/GX030262.MP4,341174.1667,342141.8
20250127_positive-control_1_13,Scolopsis bilineatus,no,10-20,,"1498, 1212,    1886, 1512",./data/videos/20250127/positive-control/GX030262.MP4,379011.9667,384500.7833
20250127_positive-control_2_14,Scarus frenatus,no,20-30,,"621 ,  200,    1224, 559",./data/videos/20250127/positive-control/GX070262.MP4,197313.7833,198248.05
20250127_positive-control_2_15,Chlorurus sordidus,no,10-20,,"471 ,  826,     712, 958",./data/videos/20250127/positive-control/GX070262.MP4,198965.4333,209125.5833
20250127_positive-control_2_16,Lutjanus deccusatus,no,20-30,,"152 ,  800,     746, 1333",./data/videos/20250127/positive-control/GX070262.MP4,217250.3667,226809.9167
20250127_positive-control_3_17,Acanthurus leucosternon,no,20-30,,"805 , 1021,    1227, 1253",./data/videos/20250127/positive-control/GX010262.MP4,224958.0667,237437.2
20250127_positive-control_3_18,Chaetodon trifascialis,yes,10-20,,"1769,  570,    2108, 793",./data/videos/20250127/positive-control/GX010262.MP4,227143.5833,232949.3833
20250127_positive-control_3_19,Chaetodon baronessa,yes,10-20,,"1054,  779,    1397, 1028",./data/videos/20250127/positive-control/GX010262.MP4,232115.2167,244010.4333
20250127_positive-control_3_20,Acanthurus blochii,yes,20-30,,"611 ,  533,    1044, 885",./data/videos/20250127/positive-control/GX010262.MP4,242342.1,247897.65
20250127_positive-control_3_21,Chaetodon trifascialis,yes,10-20,,"710 ,  556,    1279, 1056",./data/videos/20250127/positive-control/GX010262.MP4,244244,246312.7333
20250127_positive-control_3_22,Chaetodon meyeri,yes,10-20,,"1752,  384,    2105, 715",./data/videos/20250127/positive-control/GX010262.MP4,250416.8333,254037.1167
20250127_positive-control_3_23,Chaetodon meyeri,yes,10-20,,"1870,  296,    2223, 611",./data/videos/20250127/positive-control/GX010262.MP4,250900.65,254520.9333
20250127_positive-control_3_24,Scarus niger,yes,20-30,,"365 ,  921,     978, 1165",./data/videos/20250127/positive-control/GX010262.MP4,256439.5167,260510.25
20250127_positive-control_3_25,Ctenochaetus strigosus,yes,20-30,,"928 ,  692,    1250, 942",./data/videos/20250127/positive-control/GX010262.MP4,257240.3167,261194.2667
20250127_positive-control_3_26,Naso elegans,yes,10-20,,"1084,  248,    1563, 566",./data/videos/20250127/positive-control/GX010262.MP4,261928.3333,0
20250127_positive-control_3_27,Ctenochaetus strigosus,yes,10-20,,"1293,  291,    1830, 616",./data/videos/20250127/positive-control/GX010262.MP4,267967.7,271104.1667
20250127_positive-control_3_28,Acanthurus blochii,yes,20-30,,"1508,  596,    1896, 866",./data/videos/20250127/positive-control/GX010262.MP4,268601.6667,271521.25
20250127_positive-control_3_29,Acanthurus blochii,yes,20-30,,"2055,  744,    2633, 1039",./data/videos/20250127/positive-control/GX010262.MP4,278861.9167,292158.5333
20250127_positive-control_3_30,Acanthurus blochii,yes,10-20,,"175 ,  329,     878, 665",./data/videos/20250127/positive-control/GX010262.MP4,281180.9,293860.2333
20250127_positive-control_3_31,Chaetodon lunulatus,yes,10-20,,"100 , 1323,     448, 1555",./data/videos/20250127/positive-control/GX010262.MP4,281147.5333,322905.9167
20250127_positive-control_3_32,Chaetodon meyeri,yes,10-20,,"694 ,  666,     895, 807",./data/videos/20250127/positive-control/GX010262.MP4,313229.5833,322905.9167
20250127_positive-control_4_33,Chaetodon baronessa,no,10-20,,"1021,  928,    1188, 1118",./data/videos/20250127/positive-control/GX040262.MP4,110693.9167,0
20250127_positive-control_7_34,Chaetodon lunulatus,yes,10-20,,"2100,  622,    2308, 746",./data/videos/20250127/positive-control/GX020262.MP4,405671.9333,411310.9
20250127_positive-control_8_35,Macolor niger,no,10-20,,"736 ,   10,     979, 187",./data/videos/20250127/positive-control/GX050262.MP4,17600.91667,26209.51667
20250127_positive-control_8_36,Bodianus mesothorax,no,10-20,,"1471,  847,    1744, 982",./data/videos/20250127/positive-control/GX050262.MP4,46796.75,52469.08333
20250127_positive-control_8_37,Chaetodon lunulatus,yes,10-20,,"2064,  726,    2356, 936",./data/videos/20250127/positive-control/GX050262.MP4,46629.91667,71071
20250127_positive-control_8_38,Chaetodon lunulatus,yes,10-20,,"2175,  946,    2421, 1111",./data/videos/20250127/positive-control/GX050262.MP4,47297.25,76476.4
20250127_positive-control_9_39,Acanthurus blochii,no,30-40,,"1257,  158,    2546, 905",./data/videos/20250127/positive-control/GX050262.MP4,368034.3333,374841.1333
20250107_barracuda_0_40,Heniochus varius,no,0-10,,"968 ,  740,    1097, 897",./data/videos/20250107/barracuda/GX020003.MP4,51234.51667,112562.45
20250107_barracuda_0_41,Pomacentrus imitator,no,0-10,,"802 ,  918,     950, 1042",./data/videos/20250107/barracuda/GX020003.MP4,54788.06667,111010.9
20250107_barracuda_0_42,Heniochus varius,yes,0-10,,"1075,  791,    1206, 889",./data/videos/20250107/barracuda/GX020003.MP4,60210.15,111044.2667
20250107_barracuda_0_43,Heniochus varius,yes,0-10,,"837 ,  678,    1023, 862",./data/videos/20250107/barracuda/GX020003.MP4,65165.1,110243.4667
20250107_barracuda_0_44,Acanthochromis polyacanthus,no,0-10,,"1158, 1141,    1424, 1349",./data/videos/20250107/barracuda/GX020003.MP4,74257.51667,84050.63333
20250107_barracuda_0_45,Acanthochromis polyacanthus,no,0-10,,"467 ,  977,    1448, 1360",./data/videos/20250107/barracuda/GX020003.MP4,77944.53333,82248.83333
20250107_barracuda_0_46,Cephalopholis argus,no,10-20,,"276 , 1162,     603, 1406",./data/videos/20250107/barracuda/GX020003.MP4,81197.78333,118001.2167
20250107_barracuda_0_47,Cephalopholis leopardus,no,10-20,,"1809, 1345,    2089, 1525",./data/videos/20250107/barracuda/GX020003.MP4,88188.1,118001.2167
20250107_barracuda_1_48,Scarus niger,no,20-30,,"960 ,  611,    1138, 737",./data/videos/20250107/barracuda/GX060003.MP4,137754.2833,159275.7833
20250107_barracuda_1_49,Scarus frenatus,no,20-30,,"2309,  116,    2613, 262",./data/videos/20250107/barracuda/GX060003.MP4,154904.75,159659.5
20250107_barracuda_1_50,Neoglyphidodon melas,no,10-20,,"1048, 1184,    1436, 1450",./data/videos/20250107/barracuda/GX060003.MP4,173873.7,187887.7
20250107_barracuda_2_51,Zanclus cornutus,no,10-20,,"754 , 1084,    1219, 1501",./data/videos/20250107/barracuda/GX060003.MP4,397880.8167,417116.7
20250107_barracuda_2_52,Cheilinus trilobatus,no,10-20,,"2397,  397,    2566, 508",./data/videos/20250107/barracuda/GX060003.MP4,402618.8833,438754.9833
20250107_barracuda_2_53,Plectroglyphidodon emeryi,no,0-10,,"305 ,  591,     500, 728",./data/videos/20250107/barracuda/GX060003.MP4,414197.1167,441824.7167
20250107_barracuda_3_54,Chaetodon falcula,no,10-20,,"1176,  679,    1301, 784",./data/videos/20250107/barracuda/GX010003.MP4,411661.25,512812.3
20250107_barracuda_3_55,Chaetodon falcula,yes,10-20,,"1008,  614,    1140, 754",./data/videos/20250107/barracuda/GX010003.MP4,413045.9667,513963.45
20250107_barracuda_3_56,Scarus niger,no,10-20,,"1192,  466,    1333, 590",./data/videos/20250107/barracuda/GX010003.MP4,470353.2167,512195.0167
20250107_barracuda_4_57,Heniochus varius,no,10-20,,"388 ,  617,     655, 847",./data/videos/20250107/barracuda/GX050003.MP4,79212.46667,118835.3833
20250107_barracuda_4_58,Lutjanus deccusatus,no,20-30,,"1070, 1115,    1487, 1319",./data/videos/20250107/barracuda/GX050003.MP4,81064.31667,89239.15
20250107_barracuda_4_59,Zanclus cornutus,yes,10-20,,"886 ,  623,    1054, 774",./data/videos/20250107/barracuda/GX050003.MP4,85602.18333,114964.85
20250107_barracuda_4_60,Zanclus cornutus,yes,10-20,,"755 ,  568,     916, 749",./data/videos/20250107/barracuda/GX050003.MP4,88655.23333,113563.45
20250107_barracuda_4_61,Anyperodon luecogrammicus,no,20-30,,"11  ,  988,     559, 1333",./data/videos/20250107/barracuda/GX050003.MP4,94644.55,166099.2667
20250107_barracuda_7_62,Cheilinus indulatus,yes,20-30,,"811 ,  730,    1639, 1188",./data/videos/20250107/barracuda/GX030003.MP4,83266.51667,87670.91667
20250107_barracuda_7_63,Zanclus cornutus,yes,10-20,,"1469,  126,    2294, 904",./data/videos/20250107/barracuda/GX030003.MP4,85118.36667,126126
20250107_barracuda_7_64,Cephalopholis argus,no,10-20,,"32  , 1031,     590, 1203",./data/videos/20250107/barracuda/GX030003.MP4,90590.5,158541.7167
20250107_barracuda_7_65,Anyperodon luecogrammicus,no,20-30,,"793 , 1015,    1486, 1374",./data/videos/20250107/barracuda/GX030003.MP4,93843.75,108775.3333
20250107_barracuda_7_66,Heniochus varius,yes,10-20,,"1051,  750,    1283, 1015",./data/videos/20250107/barracuda/GX030003.MP4,112245.4667,130113.3167
20250107_barracuda_7_67,Scarus frenatus,no,20-30,,"58  ,  992,     458, 1352",./data/videos/20250107/barracuda/GX030003.MP4,117150.3667,119536.0833
20250107_grouper_0_68,Scolopsis affinis,no,10-20,,"484 ,   99,     707, 247",./data/videos/20250107/grouper/GX070048.MP4,219569.35,319535.8833
20250107_grouper_0_69,Scarus frenatus,no,10-20,,"868 ,  436,    1004, 545",./data/videos/20250107/grouper/GX070048.MP4,225291.7333,226476.25
20250107_grouper_0_70,Balistapus undulatus,no,20-30,,"14  ,  408,     449, 699",./data/videos/20250107/grouper/GX070048.MP4,239339.1,251267.6833
20250107_grouper_1_71,Chaetodontoplus mesoleucus,no,10-20,,"518 ,  823,     745, 954",./data/videos/20250107/grouper/GX050048.MP4,187220.3667,221838.2833
20250107_grouper_1_72,Chromis jubauna,no,0-10,,"1983,  831,    2297, 1008",./data/videos/20250107/grouper/GX050048.MP4,204053.85,263229.6333
20250107_grouper_1_73,Pomacentrus albicaudatus,no,0-10,,"1134,  766,    1287, 859",./data/videos/20250107/grouper/GX050048.MP4,213546.6667,237503.9333
20250107_grouper_1_74,Amblyglyphidodon aureus,no,0-10,,"272 ,  538,     544, 693",./data/videos/20250107/grouper/GX050048.MP4,233433.2,238721.8167
20250107_grouper_2_75,Chaetodon lunulatus,yes,0-10,,"1638,  613,    1750, 735",./data/videos/20250107/grouper/GX050048.MP4,432899.1333,464697.5667
20250107_grouper_2_76,Chaetodon lunulatus,yes,0-10,,"1576,  557,    1692, 666",./data/videos/20250107/grouper/GX050048.MP4,434867.7667,464564.1
20250107_grouper_2_77,Chaetodon lunulatus,yes,0-10,,"1686,  583,    1808, 699",./data/videos/20250107/grouper/GX050048.MP4,435218.1167,465081.2833
20250107_grouper_2_78,Pomacentrus nigromanus,no,10-20,,"1521,  867,    1673, 970",./data/videos/20250107/grouper/GX050048.MP4,435601.8333,475658.5167
20250107_grouper_2_79,Heniochus varius,no,10-20,,"39  ,  646,     418, 921",./data/videos/20250107/grouper/GX050048.MP4,436452.6833,458274.4833
20250107_grouper_2_80,Pomacentrus albicaudatus,no,10-20,,"1531, 1233,    1731, 1385",./data/videos/20250107/grouper/GX050048.MP4,449232.1167,518718.2
20250107_grouper_2_81,Scarus frenatus,no,20-30,,"1074,  710,    1550, 939",./data/videos/20250107/grouper/GX050048.MP4,453686.5667,457423.6333
20250107_grouper_3_82,Caesio cuning,no,10-20,,"698 ,   46,     901, 225",./data/videos/20250107/grouper/GX090048.MP4,18435.08333,117934.4833
20250107_grouper_4_83,Acanthrus nigrofuscus,no,10-20,,"1541,  473,    1970, 693",./data/videos/20250107/grouper/GX090048.MP4,310510.2,346295.95
20250107_grouper_4_84,Caesio cuning,no,10-20,,"704 ,  338,     938, 495",./data/videos/20250107/grouper/GX090048.MP4,315398.4167,407907.5
20250107_grouper_4_85,Cheilinus fasciatus,no,20-30,,"1101,  479,    1604, 742",./data/videos/20250107/grouper/GX090048.MP4,329062.0667,335585.25
20250107_grouper_4_86,Chaetodon lunulatus,no,0-10,,"1686, 1308,    2000, 1508",./data/videos/20250107/grouper/GX090048.MP4,331681.35,380730.35
20250107_negative-control_0_87,Scolopsis margaritifera,no,10-20,,"1615,  487,    1857, 682",./data/videos/20250107/negative-control/GX060232.MP4,246479.5667,255738.8167
20250107_negative-control_0_88,Neoglyphidodon melas,no,10-20,,"972 ,  836,    1291, 1117",./data/videos/20250107/negative-control/GX060232.MP4,277610.6667,323089.4333
20250107_negative-control_0_89,Pomacentrus albicaudatus,no,0-10,,"1720,  905,    1865, 1030",./data/videos/20250107/negative-control/GX060232.MP4,280129.85,345528.5167
20250107_negative-control_1_90,Acanthrus nigrofuscus,no,10-20,,"2096,  617,    2385, 798",./data/videos/20250107/negative-control/GX040232.MP4,42025.31667,78728.65
20250107_negative-control_3_91,Acanthrus nigrofuscus,no,10-20,,"1821,  949,    2176, 1309",./data/videos/20250107/negative-control/GX070232.MP4,39222.51667,114197.4167
20250107_negative-control_3_92,Pomacentrus leptus,no,0-10,,"2148,  819,    2494, 1044",./data/videos/20250107/negative-control/GX070232.MP4,56473.08333,87203.78333
20250107_positive-control_0_93,Pomacentrus albicaudatus,no,0-10,,"1084,  911,    1197, 1026",./data/videos/20250107/positive-control/GX050004.MP4,174858.0167,271521.25
20250107_positive-control_0_94,Chaetodon lunulatus,yes,10-20,,"1477,  265,    1611, 414",./data/videos/20250107/positive-control/GX050004.MP4,185852.3333,192926.0667
20250107_positive-control_0_95,Chaetodon lunulatus,yes,0-10,,"1803,  186,    1997, 359",./data/videos/20250107/positive-control/GX050004.MP4,187070.2167,189806.2833
20250107_positive-control_0_96,Scarus niger,no,20-30,,"356 , 1082,     664, 1249",./data/videos/20250107/positive-control/GX050004.MP4,250600.35,258007.75
20250107_positive-control_1_97,Amblyglyphidodon aureus,no,10-20,,"1149,  948,    1446, 1184",./data/videos/20250107/positive-control/GX090004.MP4,25875.85,109025.5833
20250107_positive-control_1_98,Zebrasoma desjardinii,no,20-30,,"968 ,   22,    1449, 424",./data/videos/20250107/positive-control/GX090004.MP4,55472.08333,109008.9
20250107_positive-control_5_99,Chaetodon lunulatus,yes,10-20,,"143 , 1036,     364, 1153",./data/videos/20250107/positive-control/GX070004.MP4,458241.1167,523906.7167
20250107_positive-control_5_100,Chaetodon lunulatus,yes,10-20,,"210 ,  940,     447, 1103",./data/videos/20250107/positive-control/GX070004.MP4,464981.1833,523906.7167
20250109_barracuda_0_101,Pomacentrus albicaudatus,no,0-10,,"1413, 1115,    1781, 1319",./data/videos/20250109/barracuda/GX080233.MP4,90690.6,98915.48333
20250109_barracuda_0_102,Centropyge eibli,no,0-10,,"1909, 1146,    2065, 1328",./data/videos/20250109/barracuda/GX080233.MP4,93576.81667,114931.4833
20250109_barracuda_0_103,Chlorurus sordidus,yes,20-30,,"1561,  715,    1787, 884",./data/videos/20250109/barracuda/GX080233.MP4,103186.4167,108808.7
20250109_barracuda_0_104,Chlorurus sordidus,yes,20-30,,"1713,  764,    1877, 891",./data/videos/20250109/barracuda/GX080233.MP4,104788.0167,111744.9667
20250109_barracuda_0_105,Scarus quoyi,yes,20-30,,"1507,  820,    1810, 981",./data/videos/20250109/barracuda/GX080233.MP4,121788.3333,126209.4167
20250109_barracuda_0_106,Chaetodon lunulatus,yes,10-20,,"1701,  917,    1931, 1055",./data/videos/20250109/barracuda/GX080233.MP4,122555.7667,128978.85
20250109_barracuda_0_107,Chaetodon lunulatus,yes,10-20,,"1855,  986,    2194, 1285",./data/videos/20250109/barracuda/GX080233.MP4,123773.65,133633.5
20250109_barracuda_0_108,Lutjanus deccusatus,no,20-30,,"1698,  777,    2098, 1008",./data/videos/20250109/barracuda/GX080233.MP4,126376.25,131197.7333
20250109_barracuda_0_109,Scarus sordidus,yes,20-30,,"1316,  877,    1676, 1040",./data/videos/20250109/barracuda/GX080233.MP4,130530.4,145145
20250109_barracuda_0_110,Pomacentrus albicaudatus,no,0-10,,"2196, 1063,    2373, 1159",./data/videos/20250109/barracuda/GX080233.MP4,129179.05,190190
20250109_barracuda_0_111,Scarus frenatus,yes,20-30,,"297 ,  455,     875, 840",./data/videos/20250109/barracuda/GX080233.MP4,132715.9167,145728.9167
20250109_barracuda_1_112,Centropyge eibli,NO,10-20,,"1527,  918,    1701, 1052",./data/videos/20250109/barracuda/GX060233.MP4,61394.66667,70203.46667
20250109_barracuda_1_113,Lutjanus deccusatus,no,20-30,,"1684,  897,    2060, 1203",./data/videos/20250109/barracuda/GX060233.MP4,88772.01667,89172.41667
20250109_barracuda_2_114,Chaetodon lunulatus,yes,10-20,,"1686, 1018,    1972, 1257",./data/videos/20250109/barracuda/GX060233.MP4,320403.4167,323856.8667
20250109_barracuda_2_115,Chaetodon andamanensis,no,10-20,,"538 ,  923,     781, 1086",./data/videos/20250109/barracuda/GX060233.MP4,326759.7667,342375.3667
20250109_grouper_0_116,Chaetodontoplus mesoleucus,no,10-20,,"641 , 1073,    1118, 1315",./data/videos/20250109/grouper/GX050049.MP4,67200.46667,93026.26667
20250109_grouper_1_117,Chaetodon lunulatus,yes,10-20,,"431 ,  932,     698, 1096",./data/videos/20250109/grouper/GX020049.MP4,309942.9667,332198.5333
20250109_grouper_1_118,Chaetodon lunulatus,yes,10-20,,"622 ,  855,     812, 1016",./data/videos/20250109/grouper/GX020049.MP4,311110.8,332598.9333
20250109_grouper_1_119,Chaetodon andamanensis,yes,10-20,,"689 ,  958,     902, 1097",./data/videos/20250109/grouper/GX020049.MP4,314013.7,331881.55
20250109_grouper_2_120,Chaetodon andamanensis,yes,10-20,,"1378, 1014,    1647, 1269",./data/videos/20250109/grouper/GX060049.MP4,179195.6833,191674.8167
20250109_grouper_2_121,Chaetodon andamanensis,yes,10-20,,"1474,  911,    1781, 1181",./data/videos/20250109/grouper/GX060049.MP4,180947.4333,192542.35
20250109_negative-control_0_122,Thalassoma lunare,no,0-10,,"752 , 1335,    1000, 1499",./data/videos/20250109/negative-control/GX040011.MP4,192075.2167,209525.9833
20250109_negative-control_1_123,Rhinecanthus assasi,no,20-30,,"837 ,  869,    1106, 1026",./data/videos/20250109/negative-control/GX040011.MP4,387203.4833,390106.3833
20250109_negative-control_2_124,Chaetodon triangulum,no,10-20,,"525 ,  823,     654, 948",./data/videos/20250109/negative-control/GX050011.MP4,187120.2667,198097.9
20250109_negative-control_5_125,Lutjanus deccusatus,no,20-30,,"1519,  956,    1889, 1161",./data/videos/20250109/negative-control/GX070011.MP4,343626.6167,356773.0833
20250109_negative-control_5_126,Scarus quoyi,no,20-30,,"1693, 1093,    1976, 1308",./data/videos/20250109/negative-control/GX070011.MP4,346295.95,382115.0667
20250109_negative-control_6_127,Scarus ghobban,no,20-30,,"2251, 1100,    2522, 1413",./data/videos/20250109/negative-control/GX020011.MP4,72472.4,97263.83333
20250109_negative-control_6_128,Chlorurus sordidus,no,10-20,,"1972, 1200,    2260, 1437",./data/videos/20250109/negative-control/GX020011.MP4,82165.41667,101267.8333
20250109_negative-control_6_129,Chaetodon trifascialis,no,10-20,,"990 ,  921,    1141, 1062",./data/videos/20250109/negative-control/GX020011.MP4,118535.0833,132515.7167
20250109_positive-control_0_130,Chaetodon lunulatus,no,10-20,,"1635, 1120,    1809, 1256",./data/videos/20250109/positive-control/GX090237.MP4,26509.81667,81030.95
20250109_positive-control_0_131,Chaetodon lunulatus,no,10-20,,"1589, 1034,    1722, 1102",./data/videos/20250109/positive-control/GX090237.MP4,55772.38333,77393.98333
20250109_positive-control_1_132,Cephalopholis argus,no,10-20,,"1916, 1129,    2162, 1286",./data/videos/20250109/positive-control/GX090237.MP4,263096.1667,275458.5167
20250109_positive-control_3_133,Pomacentrus albicaudatus,no,0-10,,"1671, 1207,    1822, 1291",./data/videos/20250109/positive-control/GX040237.MP4,159459.3,256439.5167
20250109_positive-control_3_134,Chaetodon trifascialis,no,20-30,,"990 , 1024,    1142, 1157",./data/videos/20250109/positive-control/GX040237.MP4,175308.4667,192609.0833
20250109_positive-control_3_135,Pycnochromis retrofasciatus,no,0-10,,"1475, 1283,    1642, 1434",./data/videos/20250109/positive-control/GX040237.MP4,180063.2167,221971.75
20241213_barracuda_1_136,Heniochus varius,yes,20-30,,"948 ,  361,    1116, 552",./data/videos/20241213/barracuda/GX070001.MP4,270453.5167,283916.9667
20241213_barracuda_1_137,Heniochus varius,no,20-30,,"1365,  396,    1653, 643",./data/videos/20241213/barracuda/GX070001.MP4,272071.8,287036.75
20241213_barracuda_2_138,Halichoeres margaritaceus,no,0-10,,"1318,  782,    1557, 916",./data/videos/20241213/barracuda/GX040001.MP4,57207.15,106556.45
20241213_barracuda_2_139,Cephalopholis argus,no,20-30,,"145 ,  837,     798, 1337",./data/videos/20241213/barracuda/GX040001.MP4,101367.9333,103803.7
20241213_barracuda_3_140,Pomacentrus albicaudatus,no,0-10,,"429 ,  554,     674, 737",./data/videos/20241213/barracuda/GX040001.MP4,169469.3,261978.3833
20241213_barracuda_3_141,Caesio cuning,yes,10-20,,"1192,  275,    1417, 408",./data/videos/20241213/barracuda/GX040001.MP4,176843.3333,201484.6167
20241213_barracuda_3_142,Pomacentrus albicaudatus,no,0-10,,"642 ,  867,     929, 1041",./data/videos/20241213/barracuda/GX040001.MP4,212362.15,261978.3833
20241213_grouper_0_143,Neopomacentrus nemurus,no,0-10,,"452 ,  938,     823, 1106",./data/videos/20241213/grouper/GX040003.MP4,272739.1333,340289.95
20241213_grouper_3_144,Pomacentrus albicaudatus,no,0-10,,"570 ,  925,     762, 1035",./data/videos/20241213/grouper/GX020003.MP4,138104.6333,208841.9667
20241213_negative-control_0_145,Acanthurus lineatus,no,20-30,,"1474,  849,    1910, 1108",./data/videos/20241213/negative-control/GX080008.MP4,245612.0333,260760.5
20241213_negative-control_0_146,Heniochus varius,no,20-30,,"1080,  483,    1704, 1099",./data/videos/20241213/negative-control/GX080008.MP4,265898.9667,273039.4333
20241213_negative-control_0_147,Heniochus varius,yes,20-30,,"2106,  707,    2608, 1379",./data/videos/20241213/negative-control/GX080008.MP4,267567.3,272038.4333
20241213_negative-control_1_148,Acanthurus lineatus,no,30-40,,"1689,  990,    2421, 1416",./data/videos/20241213/negative-control/GX030008.MP4,41374.66667,71154.41667
20241213_negative-control_2_149,Pomacentrus albicaudatus,no,0-10,,"1491, 1336,    1722, 1511",./data/videos/20241213/negative-control/GX030008.MP4,287170.2167,385968.9167
20241213_negative-control_3_150,Hemigymnus fasciatus,no,10-20,,"1648, 1178,    1964, 1347",./data/videos/20241213/negative-control/GX070008.MP4,352552.2,395078.0167
20241213_negative-control_3_151,Microspathodon chrysurus,no,0-10,,"801 ,  773,    1066, 974",./data/videos/20241213/negative-control/GX070008.MP4,374540.8333,396579.5167
20241213_negative-control_3_152,Microspathodon chrysurus,yes,10-20,,"202 ,  905,     501, 1128",./data/videos/20241213/negative-control/GX070008.MP4,377210.1667,388855.1333
20241213_negative-control_3_153,Pomacentrus albicaudatus,no,0-10,,"560 , 1319,     866, 1532",./data/videos/20241213/negative-control/GX070008.MP4,378177.8,446446
20241213_negative-control_4_154,Chaetodon baronessa,no,20-30,,"518 ,  730,     781, 943",./data/videos/20241213/negative-control/GX050008.MP4,142075.2667,154070.5833
20241213_negative-control_4_155,Chaetodon lunulatus,no,10-20,,"1429, 1250,    1701, 1455",./data/videos/20241213/negative-control/GX050008.MP4,143576.7667,186119.2667
20241213_negative-control_4_156,Acanthurus lineatus,no,30-40,,"2063,  894,    2593, 1303",./data/videos/20241213/negative-control/GX050008.MP4,179646.1333,216015.8
20241213_negative-control_4_157,Acanthurus lineatus,no,30-40,,"610 ,  675,     804, 991",./data/videos/20241213/negative-control/GX050008.MP4,184300.7833,194460.9333
20241213_positive-control_0_158,Halichoeres chloropterus,no,10-20,,"462 ,  984,     762, 1213",./data/videos/20241213/positive-control/GX070001.MP4,197430.5667,256039.1167
20241213_positive-control_0_159,Acanthurus blochii,no,30-40,,"791 ,  483,    1011, 696",./data/videos/20241213/positive-control/GX070001.MP4,202552.35,215965.75
20241213_positive-control_0_160,Acanthurus lineatus,no,30-40,,"1053,  630,    1364, 784",./data/videos/20241213/positive-control/GX070001.MP4,206356.15,211194.3167
20241213_positive-control_3_161,Pomacentrus albicaudatus,no,0-10,,"2136,  983,    2274, 1112",./data/videos/20241213/positive-control/GX060001.MP4,255622.0333,342909.2333
20241213_positive-control_3_162,Parupeneus barberinus,no,20-30,,"813 ,  426,    1331, 786",./data/videos/20241213/positive-control/GX060001.MP4,265014.75,267617.35
20241213_positive-control_3_163,Centropyge eibli,no,0-10,,"757 ,  827,    1069, 1013",./data/videos/20241213/positive-control/GX060001.MP4,282198.5833,327477.15
20241213_positive-control_4_164,Thalassoma lunare,no,0-10,,"1895,  940,    2116, 1109",./data/videos/20241213/positive-control/GX040001.MP4,6940.266667,25458.76667
20241213_positive-control_4_165,Ctenochaetus striatus,no,20-30,,"265 ,  518,     709, 808",./data/videos/20241213/positive-control/GX040001.MP4,10844.16667,40807.43333
20241213_positive-control_4_166,Chaetodon lunulatus,no,10-20,,"55  ,  600,     269, 827",./data/videos/20241213/positive-control/GX040001.MP4,50216.83333,59626.23333
20241213_positive-control_4_167,Chaetodon lunulatus,yes,10-20,,"97  ,  507,     429, 716",./data/videos/20241213/positive-control/GX040001.MP4,51851.8,59492.76667
20241228_barracuda_0_168,Chaetodon lunulatus,no,10-20,,"2375,  716,    2697, 1020",./data/videos/20241228/barracuda/GX060003.MP4,389455.7333,415948.8667
20241228_barracuda_0_169,Chaetodon lunulatus,yes,10-20,,"1845, 1082,    2255, 1273",./data/videos/20241228/barracuda/GX060003.MP4,394577.5167,415598.5167
20241228_barracuda_2_170,Monotaxis grandoculis,no,10-20,,"15  ,  265,     349, 575",./data/videos/20241228/barracuda/GX050003.MP4,14297.61667,49632.91667
20241228_barracuda_2_171,Scolopsis bilineatus,no,10-20,,"276 ,  893,     484, 1072",./data/videos/20241228/barracuda/GX050003.MP4,17484.13333,37654.28333
20241228_barracuda_2_172,Monotaxis grandoculis,no,10-20,,"112 ,  378,     538, 686",./data/videos/20241228/barracuda/GX050003.MP4,76643.23333,105455.35
20241228_barracuda_3_173,Lutjanus deccusatus,no,20-30,,"1178, 1054,    2282, 1788",./data/videos/20241228/barracuda/GX050003.MP4,153903.75,169135.6333
20241228_barracuda_3_174,Pomacentrus albicaudatus,no,0-10,,"1812,  941,    1952, 1096",./data/videos/20241228/barracuda/GX050003.MP4,160310.15,231798.2333
20241228_barracuda_3_175,Pomacentrus albicaudatus,no,0-10,,"703 , 1167,     975, 1422",./data/videos/20241228/barracuda/GX050003.MP4,164814.65,236452.8833
20241228_grouper_1_176,Pomacanthus semicirculatus,no,20-30,,"156 ,  484,    1122, 1012",./data/videos/20241228/grouper/GX060001.MP4,13413.4,15665.65
20241228_grouper_1_177,Lutjanus deccusatus,no,20-30,,"1530,  392,    2439, 847",./data/videos/20241228/grouper/GX060001.MP4,75341.93333,79446.03333
20241228_grouper_2_178,Acanthurus lineatus,no,20-30,,"581 ,  804,    1215, 1130",./data/videos/20241228/grouper/GX060001.MP4,122105.3167,146262.7833
20241228_grouper_3_179,Cephalapholis formosa,no,20-30,,"1444,  576,    2036, 1075",./data/videos/20241228/grouper/GX060001.MP4,227860.9667,235752.1833
20241228_grouper_3_180,Acanthurus lineatus,no,20-30,,"2160,  543,    2576, 799",./data/videos/20241228/grouper/GX060001.MP4,234183.95,243793.55
20241228_grouper_3_181,Acanthurus lineatus,no,20-30,,"2191,   35,    2624, 250",./data/videos/20241228/grouper/GX060001.MP4,260026.4333,267183.5833
20241228_grouper_3_182,Acanthurus lineatus,no,20-30,,"2124,   83,    2593, 311",./data/videos/20241228/grouper/GX060001.MP4,265848.9167,268501.5667
20241228_grouper_4_183,Chaetodon lunulatus,yes,10-20,,"573 ,  456,    1010, 815",./data/videos/20241228/grouper/GX040001.MP4,42258.88333,46062.68333
20241228_grouper_4_184,Chaetodon lunulatus,yes,10-20,,"83  ,  521,     765, 872",./data/videos/20241228/grouper/GX040001.MP4,44210.83333,47680.96667
20241228_grouper_4_185,Chaetodon lunulatus,no,20-30,,"834 ,  271,    1317, 551",./data/videos/20241228/grouper/GX040001.MP4,111444.6667,118585.1333
20241228_grouper_5_186,Chaetodon lunulatus,no,20-30,,"1731,  742,    2476, 1479",./data/videos/20241228/grouper/GX040001.MP4,288554.9333,291424.4667
20241228_grouper_5_187,Pomacentrus albicaudatus,no,0-10,,"140 ,  941,     518, 1128",./data/videos/20241228/grouper/GX040001.MP4,322805.8167,386702.9833
20241228_negative-control_0_188,Arothron stellatus,no,20-30,,"542 ,  671,     869, 862",./data/videos/20241228/negative-control/GX020045.MP4,150183.3667,155038.2167
20241228_negative-control_0_189,Chlorurus spilurus,yes,20-30,,"743 ,  591,    1491, 1058",./data/videos/20241228/negative-control/GX020045.MP4,199165.6333,200717.1833
20241228_negative-control_0_190,Scarus frenatus,yes,20-30,,"868 ,  714,    1465, 1081",./data/videos/20241228/negative-control/GX020045.MP4,202669.1333,204270.7333
20241228_negative-control_1_191,Halichoeres hortulanus,no,10-20,,"379 ,  718,     567, 913",./data/videos/20241228/negative-control/GX020045.MP4,342959.2833,367116.75
20241228_negative-control_1_192,Sufflamen chrysopterum,no,10-20,,"1935,  697,    2265, 909",./data/videos/20241228/negative-control/GX020045.MP4,367233.5333,396212.4833
20241228_negative-control_2_193,Cheilinus trilobatus,no,10-20,,"1931,  607,    2166, 726",./data/videos/20241228/negative-control/GX050045.MP4,248314.7333,284100.4833
20241228_negative-control_2_194,Acanthurus lineatus,no,20-30,,"236 ,  452,     438, 651",./data/videos/20241228/negative-control/GX050045.MP4,309942.9667,319585.9333
20241228_negative-control_4_195,Acanthurus lineatus,no,20-30,,"2026,  483,    2406, 728",./data/videos/20241228/negative-control/GX040045.MP4,227577.35,249933.0167
20241228_negative-control_4_196,Pomacentrus albicaudatus,no,0-10,,"1928,  770,    2053, 902",./data/videos/20241228/negative-control/GX040045.MP4,248398.15,304354.05
20241228_negative-control_4_197,Acanthurus lineatus,no,20-30,,"94  ,  518,     536, 757",./data/videos/20241228/negative-control/GX040045.MP4,283466.5167,306489.5167
20241228_positive-control_0_198,Scarus niger,yes,40-50,,"2316, 1052,    2750, 1457",./data/videos/20241228/positive-control/GX040236.MP4,257507.25,278444.8333
20241228_positive-control_0_199,Halichoeres hortulanus,yes,20-30,,"1766,  754,    2206, 1049",./data/videos/20241228/positive-control/GX040236.MP4,259759.5,263563.3
20241228_positive-control_0_200,Scarus niger,yes,20-30,,"1979,  579,    2569, 949",./data/videos/20241228/positive-control/GX040236.MP4,275725.45,278444.8333
20241228_positive-control_1_201,Pomacentrus albicaudatus,no,0-10,,"1042, 1008,    1239, 1163",./data/videos/20241228/positive-control/GX080236.MP4,4471.133333,103002.9
20241228_positive-control_1_202,Acanthurus lineatus,no,20-30,,"1446,  106,    2066, 612",./data/videos/20241228/positive-control/GX080236.MP4,56072.68333,59609.55
20241228_positive-control_2_203,Chaetodon lunulatus,yes,10-20,,"505 ,  714,     716, 952",./data/videos/20241228/positive-control/GX080236.MP4,329262.2667,345712.0333
20241228_positive-control_3_204,Centropyge eibli,no,10-20,,"75  , 1405,     562, 1799",./data/videos/20241228/positive-control/GX060236.MP4,429745.9833,456305.85
20241228_positive-control_3_205,Dascyllus reticulatus,yes,0-10,,"1077, 1161,    1288, 1370",./data/videos/20241228/positive-control/GX060236.MP4,483683.2,498764.9333
20241228_positive-control_4_206,Dascyllus reticulatus,yes,0-10,,"1097, 1102,    1240, 1271",./data/videos/20241228/positive-control/GX020236.MP4,3420.083333,101918.4833
20241230_barracuda_1_207,Pomacentrus wardi,no,10-20,,"2293,  168,    2597, 344",./data/videos/20241230/barracuda/GX020230.MP4,74991.58333,78862.11667
20241230_barracuda_1_208,Centropyge eibli,no,10-20,,"951 , 1190,    1231, 1513",./data/videos/20241230/barracuda/GX020230.MP4,145478.6667,151017.5333
20241230_barracuda_2_209,Pomacentrus taeniometopon,no,0-10,,"409 ,  862,     606, 1006",./data/videos/20241230/barracuda/GX050230.MP4,181130.95,268518.25
20241230_barracuda_2_210,Pomacentrus taeniometopon,no,0-10,,"1178, 1156,    1446, 1301",./data/videos/20241230/barracuda/GX050230.MP4,199916.3833,268518.25
20241230_barracuda_3_211,Pomacentrus albicaudatus,no,0-10,,"1987, 1204,    2181, 1370",./data/videos/20241230/barracuda/GX090230.MP4,19135.78333,118017.9
20241230_barracuda_3_212,Scarus ghobban,no,10-20,,"938 ,  472,    1269, 640",./data/videos/20241230/barracuda/GX090230.MP4,57207.15,62746.01667
20241230_barracuda_3_213,Scarus frenatus,no,20-30,,"1189,  206,    1712, 480",./data/videos/20241230/barracuda/GX090230.MP4,95278.51667,100250.15
20241230_barracuda_3_214,Scarus frenatus,no,20-30,,"1223,  649,    1850, 1117",./data/videos/20241230/barracuda/GX090230.MP4,98715.28333,101751.65
20241230_barracuda_3_215,Scarus niger,no,20-30,,"1888,  245,    2395, 590",./data/videos/20241230/barracuda/GX090230.MP4,101017.5833,114697.9167
20241230_barracuda_3_216,Chaetodon lunulatus,no,10-20,,"75  , 1194,     350, 1521",./data/videos/20241230/barracuda/GX090230.MP4,113396.6167,118034.5833
20241230_barracuda_4_217,Amblyglyphidodon batunaorum,no,10-20,,"1961,  724,    2188, 897",./data/videos/20241230/barracuda/GX010230.MP4,124891.4333,145595.45
20241230_barracuda_4_218,Chaetodon lunulatus,yes,10-20,,"1598, 1030,    2072, 1406",./data/videos/20241230/barracuda/GX010230.MP4,180597.0833,182832.65
20241230_barracuda_4_219,Chaetodon lunulatus,yes,10-20,,"1636,  556,    1977, 815",./data/videos/20241230/barracuda/GX010230.MP4,182916.0667,188188
20241230_barracuda_4_220,Chaetodon auriga,yes,10-20,,"1291,  421,    1594, 625",./data/videos/20241230/barracuda/GX010230.MP4,184601.0833,191991.8
20241230_grouper_0_221,Scolopsis bilineatus,no,10-20,,"187 ,  763,     821, 1245",./data/videos/20241230/grouper/GX040009.MP4,27894.53333,53920.53333
20241230_grouper_0_222,Chaetodon lunulatus,no,10-20,,"2006,  592,    2209, 713",./data/videos/20241230/grouper/GX040009.MP4,52552.5,57640.91667
20241230_grouper_2_223,Pomacentrus albicaudatus,no,0-10,,"2050, 1229,    2419, 1499",./data/videos/20241230/grouper/GX080009.MP4,300183.2167,395445.05
20241230_grouper_2_224,Cheilinus abudjubbe,no,10-20,,"527 ,  974,     933, 1226",./data/videos/20241230/grouper/GX080009.MP4,313112.8,395445.05
20241230_grouper_2_225,Pomacentrus albicaudatus,no,0-10,,"1924,  706,    2122, 918",./data/videos/20241230/grouper/GX080009.MP4,325541.8833,395445.05
20241230_grouper_2_226,Lutjanus deccusatus,no,20-30,,"2181,  387,    2595, 601",./data/videos/20241230/grouper/GX080009.MP4,333316.3167,338988.65
20241230_grouper_3_227,Scolopsis bilineatus,no,10-20,,"1915,  694,    2158, 811",./data/videos/20241230/grouper/GX020009.MP4,122105.3167,145829.0167
20241230_grouper_3_228,Scolopsis margaritifera,no,20-30,,"1253,  866,    2060, 1204",./data/videos/20241230/grouper/GX020009.MP4,139989.85,145595.45
20241230_grouper_3_229,Chaetodon deccusatus,no,10-20,,"1764,  620,    2500, 1011",./data/videos/20241230/grouper/GX020009.MP4,193610.0833,216399.5167
20241230_grouper_3_230,Anampses elegans,no,10-20,,"1490, 1059,    1843, 1342",./data/videos/20241230/grouper/GX020009.MP4,208758.55,213229.6833
20241230_grouper_7_231,Stethojulis strigiventerï¿½,no,10-20,,"348 ,  685,     681, 947",./data/videos/20241230/grouper/GX050009.MP4,317800.8167,323122.8
20241230_grouper_7_232,Halichoeres biocellatus,no,10-20,,"116 , 1223,     519, 1367",./data/videos/20241230/grouper/GX050009.MP4,388154.4333,406322.5833
20241230_negative-control_0_233,Cephalopholis boenak,no,10-20,,"328 , 1125,     758, 1352",./data/videos/20241230/negative-control/GX080003.MP4,141624.8167,150383.5667
20241230_negative-control_1_234,Scarus niger,no,20-30,,"1504,  436,    1962, 720",./data/videos/20241230/negative-control/GX080003.MP4,240089.85,241858.2833
20241230_negative-control_1_235,Zanclus cornutus,no,10-20,,"500 ,  349,    1415, 1054",./data/videos/20241230/negative-control/GX080003.MP4,246596.35,279095.4833
20241230_negative-control_1_236,Scolopsis affinis,no,20-30,,"765 ,  940,    1578, 1442",./data/videos/20241230/negative-control/GX080003.MP4,288771.8167,303519.8833
20241230_negative-control_1_237,Cheilinus quinquecinctus,no,10-20,,"439 ,  954,     750, 1118",./data/videos/20241230/negative-control/GX080003.MP4,295128.1667,303503.2
20241230_negative-control_2_238,Pomacentrus albicaudatus,no,0-10,,"2347, 1018,    2647, 1241",./data/videos/20241230/negative-control/GX080003.MP4,424607.5167,518518
20241230_negative-control_2_239,Pomacentrus albicaudatus,no,0-10,,"1009, 1271,    1190, 1443",./data/videos/20241230/negative-control/GX080003.MP4,438654.8833,518518
20241230_negative-control_2_240,Scarus frenatus,no,10-20,,"85  ,   70,     531, 412",./data/videos/20241230/negative-control/GX080003.MP4,467316.85,475925.45
20241230_negative-control_5_241,Monotaxis grandoculis,no,20-30,,"1263,  925,    1521, 1139",./data/videos/20241230/negative-control/GX050003.MP4,106656.55,172906.0667
20241230_negative-control_6_242,Halichoeres hortulanus,no,10-20,,"273 ,  964,     615, 1116",./data/videos/20241230/negative-control/GX060003.MP4,66499.76667,78978.9
20241230_negative-control_6_243,Scolopsis margaritifera,no,10-20,,"2345,  987,    2689, 1251",./data/videos/20241230/negative-control/GX060003.MP4,70470.4,148882.0667
20241230_negative-control_6_244,Lethrinus olivaceus,no,10-20,,"1449,  658,    1595, 805",./data/videos/20241230/negative-control/GX060003.MP4,86419.66667,95478.71667
20241230_positive-control_0_245,Chaetodon lunulatus,no,10-20,,"412 , 1080,     711, 1401",./data/videos/20241230/positive-control/GX030046.MP4,488437.95,498014.1833
20241230_positive-control_0_246,Chaetodon lunulatus,yes,10-20,,"235 , 1029,     588, 1435",./data/videos/20241230/positive-control/GX030046.MP4,489522.3667,498564.7333
20241230_positive-control_2_247,Scolopsis margaritifera,no,10-20,,"1832,  236,    2209, 501",./data/videos/20241230/positive-control/GX070046.MP4,290256.6333,342792.45
20241230_positive-control_2_248,Scolopsis margaritifera,no,10-20,,"387 ,  479,     616, 615",./data/videos/20241230/positive-control/GX070046.MP4,294277.3167,309125.4833
20241230_positive-control_3_249,Pomacentrus albicaudatus,no,0-10,,"781 , 1339,     977, 1483",./data/videos/20241230/positive-control/GX070046.MP4,404287.2167,496946.45
20241230_positive-control_3_250,Pomacentrus albicaudatus,no,0-10,,"374 ,  946,     666, 1122",./data/videos/20241230/positive-control/GX070046.MP4,409375.6333,496946.45
20241230_positive-control_4_251,Siganus javus,no,20-30,,"2023,  239,    2531, 505",./data/videos/20241230/positive-control/GX080046.MP4,40840.8,46446.4
20241230_positive-control_4_252,Siganus javus,yes,20-30,,"2090,  109,    2734, 486",./data/videos/20241230/positive-control/GX080046.MP4,44994.95,47630.91667
20250103_barracuda_0_253,Scolopsis affinis,no,10-20,,"1423, 1125,    2170, 1517",./data/videos/20250103/barracuda/GX050010.MP4,432849.0833,441791.35
20250103_barracuda_0_254,Cephalopholis argus,no,10-20,,"2239,  863,    2641, 1066",./data/videos/20250103/barracuda/GX050010.MP4,442425.3167,454337.2167
20250103_barracuda_0_255,Chlorurus sordidus,no,10-20,,"1195,  509,    1467, 719",./data/videos/20250103/barracuda/GX050010.MP4,453236.1167,455037.9167
20250103_barracuda_0_256,Scarus niger,no,10-20,,"2032,  298,    2313, 472",./data/videos/20250103/barracuda/GX050010.MP4,452401.95,455638.5167
20250103_barracuda_2_257,Chaetodon falcula,yes,10-20,,"1477,  624,    1740, 830",./data/videos/20250103/barracuda/GX090010.MP4,83.41666667,18101.41667
20250103_barracuda_2_258,Chaetodon falcula,yes,10-20,,"1301,  618,    1541, 771",./data/videos/20250103/barracuda/GX090010.MP4,4087.416667,29479.45
20250103_barracuda_2_259,Scolopsis affinis,no,10-20,,"384 , 1046,    1274, 1403",./data/videos/20250103/barracuda/GX090010.MP4,16983.63333,36503.13333
20250103_barracuda_3_260,Pomacentrus albicaudatus,no,0-10,,"1556,  886,    1701, 975",./data/videos/20250103/barracuda/GX070010.MP4,309409.1,373156.1167
20250103_barracuda_4_261,Parupeneus barberinus,no,20-30,,"1639,  819,    1834, 1016",./data/videos/20250103/barracuda/GX080010.MP4,97180.41667,110393.6167
20250103_barracuda_4_262,Lutjanus deccusatus,no,20-30,,"1274,  787,    1665, 906",./data/videos/20250103/barracuda/GX080010.MP4,102018.5833,110310.2
20250103_grouper_3_263,Pomacentrus armillatus,no,0-10,,"1362, 1243,    1527, 1406",./data/videos/20250103/grouper/GX080047.MP4,119886.4333,204454.25
20250103_grouper_3_264,Pomacentrus albicaudatus,no,0-10,,"660 , 1276,     960, 1474",./data/videos/20250103/grouper/GX080047.MP4,135518.7167,204454.25
20250103_grouper_4_265,Chaetodon capistratus,no,10-20,,"1992,  768,    2105, 906",./data/videos/20250103/grouper/GX050047.MP4,175458.6167,192942.75
20250103_grouper_4_266,Centropyge eibli,no,10-20,,"2080, 1125,    2300, 1301",./data/videos/20250103/grouper/GX050047.MP4,190840.65,254971.3833
20250103_grouper_5_267,Balistoides viridescens,no,30-40,,"2494,  621,    2698, 895",./data/videos/20250103/grouper/GX050047.MP4,445094.65,473873.4
20250103_grouper_5_268,Centropyge eibli,no,10-20,,"1414, 1318,    1653, 1479",./data/videos/20250103/grouper/GX050047.MP4,462929.1333,484133.65
20250103_grouper_5_269,Centropyge eibli,no,10-20,,"1639, 1130,    1856, 1310",./data/videos/20250103/grouper/GX050047.MP4,470620.15,473739.9333
20250103_negative-control_0_270,Lutjanus deccusatus,no,20-30,,"639 ,  904,     820, 1064",./data/videos/20250103/negative-control/GX050231.MP4,337804.1333,341874.8667
20250103_negative-control_1_271,Lethrinus nebulosus,no,20-30,,"374 ,  483,     736, 786",./data/videos/20250103/negative-control/GX020231.MP4,173489.9833,176826.65
20250103_negative-control_1_272,Cheilinus chlorourus,no,10-20,,"1419, 1166,    1922, 1500",./data/videos/20250103/negative-control/GX020231.MP4,181364.5167,194143.95
20250103_negative-control_2_273,Sufflamen chrysopterum,no,20-30,,"199 ,  993,     601, 1380",./data/videos/20250103/negative-control/GX020231.MP4,440173.0667,456706.25
20250103_negative-control_3_274,Pomacentrus albicaudatus,no,0-10,,"1596, 1211,    1713, 1310",./data/videos/20250103/negative-control/GX060231.MP4,219302.4167,311728.0833
20250103_negative-control_3_275,Pomacentrus albicaudatus,no,0-10,,"1071,  737,    1258, 877",./data/videos/20250103/negative-control/GX060231.MP4,233516.6167,311728.0833
20250103_negative-control_3_276,Sufflamen chrysopterum,no,20-30,,"1541, 1024,    1668, 1159",./data/videos/20250103/negative-control/GX060231.MP4,241274.3667,256139.2167
20250103_negative-control_4_277,Scarus niger,no,10-20,,"1235,  512,    1523, 631",./data/videos/20250103/negative-control/GX060231.MP4,409225.4833,414530.7833
20250103_positive-control_0_278,Pomacentrus albicaudatus,no,0-10,,"800 ,  797,     909, 912",./data/videos/20250103/positive-control/GX080002.MP4,328094.4333,426509.4167
20250103_positive-control_0_279,Pomacentrus albicaudatus,no,0-10,,"326 , 1231,     492, 1352",./data/videos/20250103/positive-control/GX080002.MP4,325975.65,426509.4167
20250103_positive-control_0_280,Thalassoma lunare,no,20-30,,"259 ,  190,     888, 641",./data/videos/20250103/positive-control/GX080002.MP4,350333.3167,356105.75
20250103_positive-control_4_281,Lutjanus deccusatus,no,20-30,,"357 ,  378,     949, 826",./data/videos/20250103/positive-control/GX020002.MP4,435034.6,442208.4333
20250114_barracuda_0_282,Pomacentrus albicaudatus,no,0-10,,"1625,  679,    1837, 799",./data/videos/20250114/barracuda/GX030067.MP4,6039.366667,103970.5333
20250114_barracuda_0_283,Lutjanus deccusatus,no,20-30,,"1635,  751,    2127, 1281",./data/videos/20250114/barracuda/GX030067.MP4,71805.06667,87737.65
20250114_barracuda_3_284,Scarus frenatus,no,10-20,,"1673,  668,    1821, 765",./data/videos/20250114/barracuda/GX070067.MP4,180163.3167,190106.5833
20250114_grouper_0_285,Epinephelus fasciatus,no,10-20,,"1395, 1142,    1780, 1360",./data/videos/20250114/grouper/GX080239.MP4,249482.5667,348531.5167
20250114_grouper_0_286,Centropyge eibli,no,10-20,,"948 ,  852,    1099, 948",./data/videos/20250114/grouper/GX080239.MP4,249532.6167,261611.35
20250114_grouper_0_287,Scarus frenatus,no,10-20,,"1605, 1167,    1900, 1288",./data/videos/20250114/grouper/GX080239.MP4,252535.6167,275908.9667
20250114_grouper_0_288,Chaetodon andamanensis,no,10-20,,"1436,  880,    1687, 1048",./data/videos/20250114/grouper/GX080239.MP4,321621.3,348531.5167
20250114_grouper_1_289,Epinephelus fasciatus,no,10-20,,"1112, 1149,    1507, 1381",./data/videos/20250114/grouper/GX080239.MP4,422488.7333,521504.3167
20250114_grouper_1_290,Pomacentrus albicaudatus,no,0-10,,"1708,  966,    1789, 1045",./data/videos/20250114/grouper/GX080239.MP4,431681.25,521504.3167
20250114_grouper_1_291,Parupeneus barberinus,no,20-30,,"1873,  950,    2255, 1180",./data/videos/20250114/grouper/GX080239.MP4,443376.2667,445778.6667
20250114_grouper_2_292,Pomacentrus albicaudatus,no,0-10,,"2402,  871,    2556, 980",./data/videos/20250114/grouper/GX060239.MP4,98948.85,199065.5333
20250114_grouper_2_293,Pomacentrus albicaudatus,no,0-10,,"402 ,  891,     594, 1004",./data/videos/20250114/grouper/GX060239.MP4,107524.0833,199082.2167
20250114_grouper_2_294,Chaetodontoplus mesoleucus,no,10-20,,"2302,  717,    2686, 1011",./data/videos/20250114/grouper/GX060239.MP4,122105.3167,171855.0167
20250114_grouper_2_295,Chaetodon triangulum,no,10-20,,"1970, 1019,    2436, 1381",./data/videos/20250114/grouper/GX060239.MP4,156573.0833,166916.75
20250114_grouper_2_296,Zanclus cornutus,no,10-20,,"331 ,  519,     714, 873",./data/videos/20250114/grouper/GX060239.MP4,163847.0167,199065.5333
20250114_grouper_2_297,Chaetodontoplus mesoleucus,no,10-20,,"1895, 1067,    2069, 1224",./data/videos/20250114/grouper/GX060239.MP4,179162.3167,199065.5333
20250114_grouper_3_298,Chaetodontoplus mesoleucus,no,10-20,,"1542, 1035,    1807, 1225",./data/videos/20250114/grouper/GX060239.MP4,338921.9167,355304.95
20250114_grouper_3_299,Scolopsis bilineatus,no,10-20,,"1813,  953,    2083, 1123",./data/videos/20250114/grouper/GX060239.MP4,341457.7833,357890.8667
20250114_grouper_3_300,Chaetodon triangulum,yes,10-20,,"2156,  794,    2389, 992",./data/videos/20250114/grouper/GX060239.MP4,363146.1167,377260.2167
20250114_grouper_3_301,Centropyge eibli,no,10-20,,"2424,  850,    2692, 1017",./data/videos/20250114/grouper/GX060239.MP4,364580.8833,385068.0167
20250114_grouper_3_302,Scarus ghobban,no,10-20,,"2027,  170,    2402, 466",./data/videos/20250114/grouper/GX060239.MP4,385368.3167,411294.2167
20250114_grouper_3_303,Scarus niger,yes,10-20,,"1842,  813,    2056, 912",./data/videos/20250114/grouper/GX060239.MP4,396279.2167,409325.5833
20250114_grouper_3_304,Scolopsis bilineatus,no,10-20,,"2134,  945,    2483, 1143",./data/videos/20250114/grouper/GX060239.MP4,398448.05,417667.25
20250114_grouper_5_305,Scolopsis bilineatus,no,10-20,,"1734,  922,    2083, 1266",./data/videos/20250114/grouper/GX070239.MP4,34567.86667,74390.98333
20250114_grouper_5_306,Chaetodon andamanensis,no,10-20,,"1489,  321,    1893, 618",./data/videos/20250114/grouper/GX070239.MP4,35719.01667,63613.55
20250114_grouper_5_307,Scarus ghobban,no,10-20,,"2055,  849,    2476, 1106",./data/videos/20250114/grouper/GX070239.MP4,43326.61667,47464.08333
20250114_grouper_5_308,Halichoeres chrysotaenia,no,10-20,,"2179,  678,    2608, 929",./data/videos/20250114/grouper/GX070239.MP4,54771.38333,58908.85
20250114_grouper_5_309,Chaetodontoplus mesoleucus,no,10-20,,"2237,  661,    2675, 970",./data/videos/20250114/grouper/GX070239.MP4,58625.23333,62262.2
20250114_grouper_5_310,Variola louti,no,10-20,,"1727, 1006,    1956, 1151",./data/videos/20250114/grouper/GX070239.MP4,94811.38333,0
20250114_negative-control_4_311,Acanthurus blochii,no,20-30,,"2045,  365,    2235, 527",./data/videos/20250114/negative-control/GX050024.MP4,134818.0167,158458.3
20250114_negative-control_4_312,Cheilinus trilobatus,no,10-20,,"1807,  772,    2079, 934",./data/videos/20250114/negative-control/GX050024.MP4,203670.1333,230446.8833
20250114_negative-control_6_313,Heniochus varius,no,10-20,,"224 ,  888,     671, 1113",./data/videos/20250114/negative-control/GX020024.MP4,86736.65,97413.98333
20250114_negative-control_6_314,Scarus frenatus,no,20-30,,"1280,  658,    1495, 877",./data/videos/20250114/negative-control/GX020024.MP4,122472.35,0
20250114_negative-control_7_315,Scarus frenatus,no,30-40,,"1055,  801,    1334, 925",./data/videos/20250114/negative-control/GX020024.MP4,334083.75,415098.0167
20250114_negative-control_7_316,Naso caesius,no,20-30,,"1730,  491,    2118, 805",./data/videos/20250114/negative-control/GX020024.MP4,389405.6833,394310.5833
20250114_negative-control_8_317,Pomacentrus albicaudatus,no,0-10,,"973 ,  854,    1101, 949",./data/videos/20250114/negative-control/GX030024.MP4,224691.1333,0
20250114_negative-control_9_318,Pomacentrus albicaudatus,no,0-10,,"1506, 1169,    1673, 1325",./data/videos/20250114/negative-control/GX030024.MP4,402652.25,499015.1833
20250114_negative-control_9_319,Pomacentrus albicaudatus,no,0-10,,"1961, 1062,    2055, 1199",./data/videos/20250114/negative-control/GX030024.MP4,403703.3,499015.1833
20250114_negative-control_9_320,Halichoeres hortulanus,no,10-20,,"1878,  866,    2090, 1027",./data/videos/20250114/negative-control/GX030024.MP4,438187.75,441257.4833
20250114_positive-control_5_321,Pomacentrus leptus,no,0-10,,"1612, 1173,    1779, 1274",./data/videos/20250114/positive-control/GX050051.MP4,290139.85,301401.1
20250114_positive-control_5_322,Scolopsis affinis,no,10-20,,"2339,  859,    2612, 1136",./data/videos/20250114/positive-control/GX050051.MP4,297513.8833,304120.4833
20250119_barracuda_0_323,Naso elegans,no,20-30,,"1853, 1033,    2134, 1253",./data/videos/20250119/barracuda/GX060004.MP4,183583.4,190106.5833
20250119_barracuda_0_324,Thalassoma lunare,no,10-20,,"482 , 1150,     752, 1417",./data/videos/20250119/barracuda/GX060004.MP4,242959.3833,249499.25
20250119_barracuda_2_325,Chaetodon trifascialis,no,10-20,,"1677, 1066,    1859, 1195",./data/videos/20250119/barracuda/GX040004.MP4,270770.5,274941.3333
20250119_barracuda_2_326,Chaetodon trifascialis,yes,10-20,,"2071, 1084,    2313, 1220",./data/videos/20250119/barracuda/GX040004.MP4,272055.1167,278061.1167
20250119_barracuda_2_327,Chaetodon lunulatus,yes,10-20,,"1973, 1034,    2108, 1180",./data/videos/20250119/barracuda/GX040004.MP4,273389.7833,287036.75
20250119_barracuda_2_328,Chaetodon lunulatus,yes,10-20,,"2236, 1069,    2484, 1298",./data/videos/20250119/barracuda/GX040004.MP4,275074.8,293242.95
20250119_barracuda_2_329,Chaetodon lunulatus,yes,10-20,,"2157, 1135,    2285, 1264",./data/videos/20250119/barracuda/GX040004.MP4,277193.5833,293176.2167
20250119_barracuda_2_330,Chaetodon lunulatus,yes,10-20,,"2379, 1312,    2511, 1449",./data/videos/20250119/barracuda/GX040004.MP4,279562.6167,293543.25
20250119_barracuda_3_331,Chlorurus sordidus,yes,20-30,,"502 ,  952,     827, 1210",./data/videos/20250119/barracuda/GX040004.MP4,390823.7667,396412.6833
20250119_barracuda_3_332,Chaetodon trifascialis,no,10-20,,"402 ,  872,     662, 1013",./data/videos/20250119/barracuda/GX040004.MP4,395228.1667,402218.4833
20250119_barracuda_3_333,Chaetodon lunulatus,yes,10-20,,"651 , 1018,     889, 1263",./data/videos/20250119/barracuda/GX040004.MP4,405638.5667,416115.7
20250119_barracuda_3_334,Scarus ghobban,yes,20-30,,"1546,  688,    2260, 1139",./data/videos/20250119/barracuda/GX040004.MP4,406689.6167,408524.7833
20250119_barracuda_3_335,Scarus niger,no,10-20,,"424 , 1096,     919, 1387",./data/videos/20250119/barracuda/GX040004.MP4,447463.6833,459892.7667
20250119_barracuda_4_336,Pomacentrus albicaudatus,no,0-10,,"1044,  982,    1140, 1053",./data/videos/20250119/barracuda/GX080004.MP4,100517.0833,196379.5167
20250119_grouper_0_337,Pomacentrus albicaudatus,no,0-10,,"1272,  835,    1592, 1031",./data/videos/20250119/grouper/GX050025.MP4,431481.05,530513.3167
20250119_grouper_1_338,Chaetodon lunulatus,yes,10-20,,"1820,  577,    2370, 1039",./data/videos/20250119/grouper/GX020025.MP4,359642.6167,373923.55
20250119_grouper_1_339,Chaetodon lunulatus,yes,10-20,,"1643, 1170,    1992, 1526",./data/videos/20250119/grouper/GX020025.MP4,362812.45,374257.2167
20250119_grouper_1_340,Chlorurus sordidus,no,20-30,,"315 ,  492,     643, 687",./data/videos/20250119/grouper/GX020025.MP4,367050.0167,372989.2833
20250119_grouper_2_341,Thalassoma lunare,no,10-20,,"911 , 1235,    1216, 1463",./data/videos/20250119/grouper/GX060025.MP4,70520.45,80897.48333
20250119_grouper_3_342,Acanthurus tristis,no,10-20,,"141 , 1214,     438, 1348",./data/videos/20250119/grouper/GX030025.MP4,70320.25,108274.8333
20250119_grouper_4_343,Hemigymnus fasciatus,no,10-20,,"2000,  916,    2424, 1131",./data/videos/20250119/grouper/GX030025.MP4,140423.6167,143860.3833
20250119_negative-control_3_344,Acanthurus blochii,no,30-40,,"799 ,  186,    1287, 553",./data/videos/20250119/negative-control/GX030068.MP4,69369.3,86503.08333
20250119_negative-control_3_345,Acanthurus blochii,yes,20-30,,"787 ,  363,    1174, 533",./data/videos/20250119/negative-control/GX030068.MP4,69819.75,80830.75
20250119_negative-control_3_346,Acanthurus blochii,yes,20-30,,"1720,  651,    2045, 868",./data/videos/20250119/negative-control/GX030068.MP4,70186.78333,111161.05
20250119_negative-control_3_347,Chlorurus sordidus,yes,20-30,,"568 ,  774,     799, 951",./data/videos/20250119/negative-control/GX030068.MP4,70603.86667,82832.75
20250119_negative-control_3_348,Balistapus undulatus,yes,10-20,,"1017,  952,    1189, 1102",./data/videos/20250119/negative-control/GX030068.MP4,72589.18333,79145.73333
20250119_negative-control_3_349,Cephalopholis argus,no,10-20,,"499 , 1124,     789, 1307",./data/videos/20250119/negative-control/GX030068.MP4,97497.4,110310.2
20250119_negative-control_5_350,Acanthurus grammoptilus,no,20-30,,"1706, 1008,    1861, 1204",./data/videos/20250119/negative-control/GX020068.MP4,16449.76667,49199.15
20250119_negative-control_5_351,Acanthurus blochii,no,20-30,,"1310,  632,    1469, 840",./data/videos/20250119/negative-control/GX020068.MP4,20920.9,40190.15
20250119_negative-control_5_352,Cephalopholis argus,no,10-20,,"1032, 1339,    1493, 1533",./data/videos/20250119/negative-control/GX020068.MP4,23656.96667,39489.45
20250119_negative-control_5_353,Lutjanus deccusatus,no,10-20,,"119 , 1238,     690, 1419",./data/videos/20250119/negative-control/GX020068.MP4,27260.56667,30697.33333
20250119_negative-control_9_354,Centropyge eibli,no,10-20,,"681 , 1265,     913, 1414",./data/videos/20250119/negative-control/GX040068.MP4,391791.4,403586.5167
20250119_negative-control_9_355,Acanthurus tristis,yes,10-20,,"1607, 1225,    1754, 1354",./data/videos/20250119/negative-control/GX040068.MP4,398114.3833,405338.2667
20250119_negative-control_9_356,Pomacentrus albicaudatus,no,0-10,,"1093, 1280,    1275, 1444",./data/videos/20250119/negative-control/GX040068.MP4,401067.3333,473322.85
20250119_positive-control_4_357,Thalassoma lunare,no,10-20,,"1887, 1077,    2107, 1309",./data/videos/20250119/positive-control/GX070240.MP4,54454.4,56990.26667
20250119_positive-control_4_358,Thalassoma lunare,no,0-10,,"1447,  928,    1617, 1046",./data/videos/20250119/positive-control/GX070240.MP4,117467.35,128745.2833
20250119_positive-control_6_359,Lutjanus decusatus,no,10-20,,"1073,  842,    1250, 1016",./data/videos/20250119/positive-control/GX080240.MP4,97564.13333,100467.0333
20250119_positive-control_0_360,Pomacentrus albicaudatus,no,0-10,,"926 , 1088,    1114, 1259",./data/videos/20250119/positive-control/GX050240.MP4,321504.5167,105972.5333
20250123_barracuda_0_361,Cheilinus abudjubbe,no,10-20,,"272 , 1043,     828, 1494",./data/videos/20250123/barracuda/GX040008.MP4,176960.1167,203820.2833
20250123_barracuda_0_362,Ctenochaetus cyanocheilus,no,20-30,,"1907,  707,    2171, 849",./data/videos/20250123/barracuda/GX040008.MP4,180897.3833,187103.5833
20250123_barracuda_0_363,Halichoeres chierchiae,no,10-20,,"578 , 1007,     790, 1101",./data/videos/20250123/barracuda/GX040008.MP4,199265.7333,206089.2167
20250123_barracuda_2_364,Caesio caerulaurea,no,20-30,,"1110,  473,    1452, 582",./data/videos/20250123/barracuda/GX010008.MP4,352952.6,354737.7167
20250123_barracuda_2_365,Caesio caerulaurea,yes,20-30,,"869 ,  487,    1180, 636",./data/videos/20250123/barracuda/GX010008.MP4,353202.85,354754.4
20250123_barracuda_2_366,Caesio caerulaurea,yes,20-30,,"1205,  422,    1600, 578",./data/videos/20250123/barracuda/GX010008.MP4,353953.6,355972.2833
20250123_barracuda_2_367,Caesio caerulaurea,yes,20-30,,"1362,  153,    1815, 366",./data/videos/20250123/barracuda/GX010008.MP4,354337.3167,357423.7333
20250123_barracuda_2_368,Parupeneus barberinus,no,20-30,,"1695,  328,    2576, 809",./data/videos/20250123/barracuda/GX010008.MP4,354721.0333,357040.0167
20250123_barracuda_3_369,Pomacentrus albicaudatus,no,0-10,,"1721,  888,    1856, 966",./data/videos/20250123/barracuda/GX060008.MP4,32632.6,125441.9833
20250123_barracuda_3_370,Pomacentrus albicaudatus,no,0-10,,"2140,  817,    2356, 974",./data/videos/20250123/barracuda/GX060008.MP4,39522.81667,125441.9833
20250123_barracuda_3_371,Halichoeres chrysotaenia,no,0-10,,"660 , 1002,     808, 1159",./data/videos/20250123/barracuda/GX060008.MP4,88738.65,121805.0167
20250123_barracuda_3_372,Halichoeres chrysotaenia,no,10-20,,"1684,  819,    1872, 964",./data/videos/20250123/barracuda/GX060008.MP4,122322.2,125458.6667
20250123_grouper_3_373,Pomacentrus albicaudatus,no,0-10,,"1512, 1139,    1580, 1252",./data/videos/20250123/grouper/GX080069.MP4,87237.15,167934.4333
20250123_grouper_4_374,Stethojulis trilineata,no,0-10,,"886 , 1106,    1131, 1284",./data/videos/20250123/grouper/GX080069.MP4,196479.6167,201084.2167
20250123_negative-control_0_375,Epibulus insidiator,no,10-20,,"1390,  713,    1675, 887",./data/videos/20250123/negative-control/GX030028.MP4,125909.1167,127076.95
20250123_negative-control_1_376,Pomacentrus albicaudatus,no,0-10,,"534 , 1206,     768, 1369",./data/videos/20250123/negative-control/GX030028.MP4,111678.2333,194878.0167
20250123_negative-control_1_377,Pomacentrus moluccensis,no,0-10,,"1520,  712,    1637, 808",./data/videos/20250123/negative-control/GX030028.MP4,113296.5167,204070.5333
20250123_negative-control_1_378,Epibulus insidiator,no,10-20,,"776 ,  756,    1033, 919",./data/videos/20250123/negative-control/GX030028.MP4,124674.55,127844.3833
20250123_negative-control_1_379,Acanthurus lineatus,no,20-30,,"98  ,  847,     519, 1160",./data/videos/20250123/negative-control/GX030028.MP4,140490.35,204070.5333
20250123_negative-control_2_380,Pomacentrus albicaudatus,no,10-20,,"767 , 1022,     932, 1132",./data/videos/20250123/negative-control/GX020028.MP4,50517.13333,80480.4
20250123_negative-control_3_381,Chrysiptera talboti,no,0-10,,"2284, 1176,    2423, 1309",./data/videos/20250123/negative-control/GX020028.MP4,163513.35,181814.9667
20250123_positive-control_1_382,Acanthurus lineatus,yes,20-30,,"2211,  637,    2559, 920",./data/videos/20250123/positive-control/GX030005.MP4,257674.0833,260176.5833
20250123_positive-control_1_383,Acanthurus blochii,yes,20-30,,"2103,  291,    2563, 601",./data/videos/20250123/positive-control/GX030005.MP4,259125.5333,262262
20250123_positive-control_1_384,Lutjanus deccusatus,no,10-20,,"1143, 1055,    1358, 1278",./data/videos/20250123/positive-control/GX030005.MP4,299649.35,305989.0167
20250123_positive-control_4_385,Chrysiptera talboti,no,0-10,,"1988, 1295,    2130, 1408",./data/videos/20250123/positive-control/GX060005.MP4,162245.4167,257874.2833
20250123_positive-control_4_386,Pomacentrus albicaudatus,no,0-10,,"679 ,  986,     776, 1090",./data/videos/20250123/positive-control/GX060005.MP4,167500.6667,257857.6
20250123_positive-control_5_387,Kyphosus cinerascens,no,20-30,,"208 ,  966,     832, 1198",./data/videos/20250123/positive-control/GX040005.MP4,92792.7,109993.2167
20250123_positive-control_6_388,Stethojulis trilineata,no,10-20,,"376 , 1157,     776, 1289",./data/videos/20250123/positive-control/GX040005.MP4,171654.8167,182048.5333
20250127_barracuda_0_389,Unknown,no,10-20,,"421 ,  616,     864, 987",./data/videos/20250127/barracuda/GX090276.MP4,78428.35,0
20250127_barracuda_0_390,Chlorurus sordidus,yes,10-20,,"157 ,  541,     424, 726",./data/videos/20250127/barracuda/GX090276.MP4,46079.36667,57440.71667
20250127_barracuda_0_391,Scarus niger,yes,10-20,,"253 ,  643,     577, 806",./data/videos/20250127/barracuda/GX090276.MP4,46546.5,50350.3
20250127_barracuda_0_392,Chaetodon lunulatus,no,10-20,,"150 , 1063,     457, 1313",./data/videos/20250127/barracuda/GX090276.MP4,47130.41667,50734.01667
20250127_barracuda_0_393,Zanclus cornutus,np,20-30,,"273 ,  435,     570, 718",./data/videos/20250127/barracuda/GX090276.MP4,48965.58333,94978.21667
20250127_barracuda_0_394,Thalassoma lunare,no,10-20,,"2141,  700,    2355, 821",./data/videos/20250127/barracuda/GX090276.MP4,73656.91667,78528.45
20250127_barracuda_0_395,Acanthurus tristis,no,10-20,,"1068, 1009,    1263, 1141",./data/videos/20250127/barracuda/GX090276.MP4,134918.1167,136986.85
20250127_barracuda_1_396,Centropyge eibli,yes,10-20,,"1185, 1074,    1395, 1211",./data/videos/20250127/barracuda/GX070276.MP4,28945.58333,35485.45
20250127_barracuda_1_397,Centropyge eibli,yes,10-20,,"1239,  983,    1420, 1105",./data/videos/20250127/barracuda/GX070276.MP4,30313.61667,68818.75
20250127_barracuda_1_398,Hemigymnus melapterus,no,20-30,,"148 ,  906,     608, 1107",./data/videos/20250127/barracuda/GX070276.MP4,48615.23333,71387.98333
20250127_barracuda_1_399,Scarus niger,no,20-30,,"12  , 1008,     257, 1181",./data/videos/20250127/barracuda/GX070276.MP4,63980.58333,100216.7833
20250127_barracuda_1_400,Chaetodon lunulatus,yes,10-20,,"2374, 1015,    2650, 1241",./data/videos/20250127/barracuda/GX070276.MP4,83933.85,103636.8667
20250127_barracuda_1_401,Chaetodon lunulatus,yes,10-20,,"2195, 1057,    2461, 1221",./data/videos/20250127/barracuda/GX070276.MP4,87670.91667,103052.95
20250127_barracuda_2_402,Chromis virdis,no,0-10,,"677 ,  597,     908, 779",./data/videos/20250127/barracuda/GX080276.MP4,667.3333333,99599.5
20250127_barracuda_2_403,Pomacentrus moluccensis,no,0-10,,"1535,  884,    1692, 1007",./data/videos/20250127/barracuda/GX080276.MP4,5121.783333,99599.5
20250127_barracuda_2_404,Scolopsis bilineatus,no,10-20,,"1662,  706,    1892, 828",./data/videos/20250127/barracuda/GX080276.MP4,8091.416667,22489.13333
20250127_barracuda_2_405,Halichoeres hortulanus,no,10-20,,"14  , 1092,     478, 1244",./data/videos/20250127/barracuda/GX080276.MP4,19035.68333,22706.01667
20250127_barracuda_2_406,Centropyge eibli,no,10-20,,"1245, 1040,    1502, 1227",./data/videos/20250127/barracuda/GX080276.MP4,22839.48333,26843.48333
20250127_barracuda_3_407,Acanthrus nigrofuscus,no,20-30,,"1745,  579,    2052, 852",./data/videos/20250127/barracuda/GX080276.MP4,362061.7,364047.0167
20250127_barracuda_3_408,Scarus ghobban,no,10-20,,"479 ,  417,     781, 648",./data/videos/20250127/barracuda/GX080276.MP4,372021.65,375124.75
20250127_barracuda_3_409,Chlorurus sordidus,no,10-20,,"73  ,  619,     308, 769",./data/videos/20250127/barracuda/GX080276.MP4,427343.5833,443626.5167
20250127_barracuda_4_410,Halichoeres chrysotaenia,no,10-20,,"737 , 1230,    1007, 1387",./data/videos/20250127/barracuda/GX010276.MP4,223706.8167,229379.15
20250127_grouper_1_411,Chaetodon lunulatus,no,10-20,,"184 , 1044,     508, 1358",./data/videos/20250127/grouper/GX070007.MP4,386302.5833,432548.7833
20250127_grouper_1_412,Chaetodon lunulatus,yes,10-20,,"846 , 1076,    1065, 1344",./data/videos/20250127/grouper/GX070007.MP4,391040.65,432448.6833
20250127_grouper_1_413,Centropyge eibli,no,10-20,,"1198, 1256,    1413, 1496",./data/videos/20250127/grouper/GX070007.MP4,419118.7,451184.0667
20250127_grouper_2_414,Dascyllus reticulatus,yes,0-10,,"1097,  332,    1219, 461",./data/videos/20250127/grouper/GX080007.MP4,194360.8333,289956.3333
20250127_grouper_2_415,Pomacentrus albicaudatus,no,0-10,,"288 ,  488,     464, 646",./data/videos/20250127/grouper/GX080007.MP4,203570.0333,289973.0167
20250127_grouper_2_416,Chromis virdis,no,0-10,,"974 ,  596,    1123, 687",./data/videos/20250127/grouper/GX080007.MP4,209359.15,289973.0167
20250127_grouper_2_417,Chaetodon andamanensis,no,0-10,,"1794, 1062,    1970, 1236",./data/videos/20250127/grouper/GX080007.MP4,223856.9667,230346.7833
20250127_grouper_3_418,Chaetodon trifascialis,no,10-20,,"1584,  863,    1995, 1112",./data/videos/20250127/grouper/GX080007.MP4,489338.85,504187.0167
20250127_grouper_3_419,Centropyge eibli,no,10-20,,"1794,  959,    1925, 1050",./data/videos/20250127/grouper/GX080007.MP4,502218.3833,505021.1833
20250127_grouper_4_420,Chaetodon andamanensis,yes,0-10,,"433 ,  611,     619, 758",./data/videos/20250127/grouper/GX020007.MP4,40457.08333,58725.33333
20250127_grouper_4_421,Chaetodon baronessa,yes,10-20,,"481 ,  600,     610, 729",./data/videos/20250127/grouper/GX020007.MP4,41424.71667,51484.76667
20250127_grouper_4_422,Scarus ghobban,yes,10-20,,"107 ,  806,     477, 895",./data/videos/20250127/grouper/GX020007.MP4,43326.61667,44961.58333
20250127_grouper_4_423,Chaetodon lunulatus,yes,10-20,,"164 ,  653,     376, 798",./data/videos/20250127/grouper/GX020007.MP4,44294.25,65131.73333
20250127_grouper_4_424,Chaetodon andamanensis,yes,10-20,,"79  ,  679,     326, 834",./data/videos/20250127/grouper/GX020007.MP4,46096.05,57223.83333
20250127_grouper_4_425,Chaetodon baronessa,yes,10-20,,"214 ,  604,     407, 814",./data/videos/20250127/grouper/GX020007.MP4,84734.65,103586.8167
20250127_grouper_4_426,Chaetodon baronessa,yes,10-20,,"702 ,  711,     840, 867",./data/videos/20250127/grouper/GX020007.MP4,87003.58333,102569.1333
20250127_grouper_4_427,Lutjanus deccusatus,no,10-20,,"586 ,  661,     948, 871",./data/videos/20250127/grouper/GX020007.MP4,115031.5833,120303.5167
20250127_grouper_4_428,Thalassoma lunare,no,10-20,,"317 ,  853,     699, 986",./data/videos/20250127/grouper/GX020007.MP4,120537.0833,122939.4833
20250127_negative-control_1_429,Pomacentrus albicaudatus,no,0-10,,"1058, 1137,    1180, 1230",./data/videos/20250127/negative-control/GX020071.MP4,191391.2,0
20250127_negative-control_2_430,Balistapus undulatus,no,20-30,,"1495,  985,    1646, 1078",./data/videos/20250127/negative-control/GX020071.MP4,412395.3167,419469.05
20250127_negative-control_4_431,Chaetodon baronessa,no,10-20,,"519 , 1084,     849, 1417",./data/videos/20250127/negative-control/GX050071.MP4,336753.0833,362111.75
